company_name_canonical,source,period,n_postings,mean_desc_len,median_desc_len,entry_share,ai_share,ai_density_per_1k,scope_share,median_size
7-Eleven,kaggle_arshkon,2024-04,2,2994.0,2994.0,0.0,0.0,0.0,0.5,43040.0
7-Eleven,scraped,2026-03,1,5430.0,5430.0,0.0,0.0,0.0,0.0,
A Hiring Company,kaggle_arshkon,2024-04,2,3175.5,3175.5,1.0,0.0,0.0,0.0,4.0
A Hiring Company,scraped,2026-03,1,3893.0,3893.0,1.0,0.0,0.0,0.0,
A-Line Staffing Solutions,kaggle_arshkon,2024-04,3,2693.0,3053.0,0.0,0.0,0.0,0.0,213.0
A-Line Staffing Solutions,scraped,2026-03,1,2440.0,2440.0,0.0,0.0,0.0,0.0,
ADP,kaggle_arshkon,2024-04,2,7592.5,7592.5,0.0,0.0,0.0,0.0,68827.0
ADP,scraped,2026-03,2,7132.5,7132.5,0.0,0.5,0.5821286504317453,0.0,
AMD,kaggle_arshkon,2024-04,2,3335.5,3335.5,0.0,0.0,0.0,0.0,33372.0
AMD,scraped,2026-03,11,4731.545454545455,4421.0,0.0,0.0,0.0,0.0,
ASRC Federal,kaggle_arshkon,2024-04,1,4848.0,4848.0,0.0,0.0,0.0,0.0,4524.0
ASRC Federal,scraped,2026-03,1,3971.0,3971.0,1.0,0.0,0.0,0.0,
AT&T,kaggle_arshkon,2024-04,7,5051.0,5335.0,0.0,0.0,0.0,0.0,174692.0
AT&T,scraped,2026-03,1,6121.0,6121.0,0.0,0.0,0.0,0.0,
AVEVA,kaggle_arshkon,2024-04,5,5511.4,5504.0,0.6,0.0,0.0,0.0,7217.0
AVEVA,scraped,2026-03,1,7043.0,7043.0,0.0,0.0,0.0,0.0,
Abbott,kaggle_arshkon,2024-04,1,4062.0,4062.0,0.0,0.0,0.0,0.0,134435.0
Abbott,scraped,2026-03,5,5375.6,5983.0,0.8,0.0,0.0,0.0,
Accenture,kaggle_arshkon,2024-04,2,6117.5,6117.5,0.0,0.0,0.0,0.0,565191.0
Accenture,scraped,2026-03,5,8085.4,8222.0,0.2,0.2,0.08932559178204555,0.0,
Actalent,kaggle_arshkon,2024-04,22,3672.2272727272725,3610.5,0.8181818181818182,0.0,0.0,0.0,6139.0
Actalent,scraped,2026-03,39,4568.25641025641,4484.0,0.4358974358974359,0.0,0.0,0.0,
Aditi Consulting,kaggle_arshkon,2024-04,7,1588.5714285714287,1940.0,0.2857142857142857,0.0,0.0,0.0,948.0
Aditi Consulting,scraped,2026-03,6,5157.333333333333,5044.5,1.0,0.16666666666666666,0.11502185415228894,0.0,
Adobe,kaggle_arshkon,2024-04,9,4543.222222222223,4379.0,0.3333333333333333,0.0,0.0,0.0,36889.0
Adobe,scraped,2026-03,13,7535.538461538462,7536.0,0.0,0.15384615384615385,0.0495869196730971,0.0,
Adyen,kaggle_arshkon,2024-04,1,5183.0,5183.0,0.0,0.0,0.0,0.0,4549.0
Adyen,scraped,2026-03,1,4481.0,4481.0,0.0,0.0,0.0,0.0,
Affirm,kaggle_arshkon,2024-04,2,4419.5,4419.5,0.0,0.0,0.0,0.0,2346.0
Affirm,scraped,2026-03,21,5307.0,5307.0,0.0,0.0,0.0,0.0,
Agile Tech Labs,kaggle_arshkon,2024-04,1,839.0,839.0,1.0,0.0,0.0,0.0,38.0
Agile Tech Labs,scraped,2026-03,1,657.0,657.0,0.0,0.0,0.0,0.0,
Airbnb,kaggle_arshkon,2024-04,2,4684.5,4684.5,0.0,0.5,0.09899029895070283,0.0,34961.0
Airbnb,scraped,2026-03,1,4891.0,4891.0,0.0,0.0,0.0,0.0,
Akkodis,kaggle_arshkon,2024-04,25,2811.24,2570.0,0.08,0.0,0.0,0.04,23191.0
Akkodis,scraped,2026-03,9,4001.3333333333335,4286.0,0.0,0.1111111111111111,0.2518098835379289,0.0,
"Akraya, Inc.",kaggle_arshkon,2024-04,2,2072.0,2072.0,0.0,0.0,0.0,0.0,266.0
"Akraya, Inc.",scraped,2026-03,1,2725.0,2725.0,1.0,0.0,0.0,0.0,
Alaffia Health,kaggle_arshkon,2024-04,1,4158.0,4158.0,0.0,0.0,0.0,0.0,22.0
Alaffia Health,scraped,2026-03,2,4648.5,4648.5,0.0,0.0,0.0,0.0,
AllSTEM Connections,kaggle_arshkon,2024-04,5,4185.0,3623.0,0.0,0.0,0.0,0.0,105.0
AllSTEM Connections,scraped,2026-03,1,4227.0,4227.0,0.0,0.0,0.0,0.0,
Altera,kaggle_arshkon,2024-04,1,1024.0,1024.0,0.0,0.0,0.0,0.0,22.0
Altera,scraped,2026-03,1,3230.0,3230.0,0.0,0.0,0.0,0.0,
Amazon,kaggle_arshkon,2024-04,32,4016.375,3994.5,0.0,0.0,0.0,0.0,748312.0
Amazon,scraped,2026-03,32,5730.03125,5678.0,0.1875,0.125,0.041078649879765713,0.0,
Amazon Web Services (AWS),kaggle_arshkon,2024-04,12,6288.666666666667,6307.0,0.0,0.0,0.0,0.0,126669.0
Amazon Web Services (AWS),scraped,2026-03,42,7443.309523809524,7234.0,0.0,0.07142857142857142,0.019789895104990657,0.11904761904761904,
American Express,kaggle_arshkon,2024-04,5,6704.0,6569.0,0.4,0.0,0.0,0.0,76160.0
American Express,scraped,2026-03,1,9685.0,9685.0,0.0,0.0,0.0,0.0,
Ampcus Inc,kaggle_arshkon,2024-04,1,2183.0,2183.0,0.0,0.0,0.0,0.0,477.0
Ampcus Inc,scraped,2026-03,4,1330.75,1167.5,0.75,0.25,0.36231884057971014,0.0,
Ampstek,kaggle_arshkon,2024-04,5,947.8,736.0,0.0,0.0,0.0,0.0,299.0
Ampstek,scraped,2026-03,1,631.0,631.0,0.0,0.0,0.0,0.0,
Amtrak,kaggle_arshkon,2024-04,1,6554.0,6554.0,0.0,0.0,0.0,0.0,12926.0
Amtrak,scraped,2026-03,1,7305.0,7305.0,0.0,0.0,0.0,0.0,
Analytic Recruiting Inc.,kaggle_arshkon,2024-04,1,1907.0,1907.0,0.0,0.0,0.0,0.0,44.0
Analytic Recruiting Inc.,scraped,2026-03,1,2043.0,2043.0,0.0,1.0,2.304147465437788,0.0,
Anduril Industries,kaggle_arshkon,2024-04,5,8375.4,8661.0,0.6,0.0,0.0,0.0,2220.0
Anduril Industries,scraped,2026-03,30,8141.4,8213.0,0.03333333333333333,0.0,0.0,0.1,
Apex Systems,kaggle_arshkon,2024-04,52,4332.711538461538,4516.5,0.36538461538461536,0.0,0.0,0.0,13118.0
Apex Systems,scraped,2026-03,10,7700.0,7592.0,0.4,0.0,0.0,0.1,
Apexon,kaggle_arshkon,2024-04,4,1868.0,2054.0,0.0,0.0,0.0,0.0,3526.0
Apexon,scraped,2026-03,1,2884.0,2884.0,0.0,0.0,0.0,0.0,
Applicantz,kaggle_arshkon,2024-04,1,2262.0,2262.0,0.0,0.0,0.0,0.0,199.0
Applicantz,scraped,2026-03,1,1439.0,1439.0,0.0,0.0,0.0,0.0,
Aquent,kaggle_arshkon,2024-04,1,2297.0,2297.0,0.0,0.0,0.0,0.0,3475.0
Aquent,scraped,2026-03,2,3383.5,3383.5,0.0,0.0,0.0,0.0,
Ascendion,kaggle_arshkon,2024-04,8,3690.25,3703.5,0.0,0.0,0.0,0.0,2548.0
Ascendion,scraped,2026-03,1,5813.0,5813.0,1.0,0.0,0.0,0.0,
Aspen Technology,kaggle_arshkon,2024-04,1,3292.0,3292.0,0.0,0.0,0.0,0.0,4345.0
Aspen Technology,scraped,2026-03,1,4649.0,4649.0,0.0,0.0,0.0,0.0,
Audible,kaggle_arshkon,2024-04,1,5147.0,5147.0,0.0,0.0,0.0,0.0,3272.0
Audible,scraped,2026-03,1,4938.0,4938.0,0.0,1.0,0.4716981132075472,0.0,
Aurora,kaggle_arshkon,2024-04,1,6683.0,6683.0,0.0,0.0,0.0,0.0,2108.0
Aurora,scraped,2026-03,1,5163.0,5163.0,1.0,0.0,0.0,0.0,
Axiom Space,kaggle_arshkon,2024-04,1,5295.0,5295.0,1.0,0.0,0.0,0.0,872.0
Axiom Space,scraped,2026-03,5,5763.2,5313.0,0.2,0.0,0.0,0.0,
Axon,kaggle_arshkon,2024-04,2,7057.0,7057.0,0.0,0.0,0.0,0.0,3567.0
Axon,scraped,2026-03,2,8261.5,8261.5,0.0,0.0,0.0,0.0,
"BAE Systems, Inc.",kaggle_arshkon,2024-04,12,7645.25,7609.5,0.6666666666666666,0.0,0.0,0.0,15799.0
"BAE Systems, Inc.",scraped,2026-03,16,6230.875,5762.0,0.0625,0.0,0.0,0.0,
BCforward,kaggle_arshkon,2024-04,7,1688.0,1386.0,0.0,0.0,0.0,0.0,1402.0
BCforward,scraped,2026-03,1,3975.0,3975.0,1.0,0.0,0.0,0.0,
BEPC Inc. - Business Excellence Professional Consulting,kaggle_arshkon,2024-04,1,2120.0,2120.0,0.0,0.0,0.0,0.0,281.0
BEPC Inc. - Business Excellence Professional Consulting,scraped,2026-03,2,2359.5,2359.5,0.5,0.0,0.0,0.0,
BLUE ORIGIN,kaggle_arshkon,2024-04,7,7830.857142857143,7579.0,0.14285714285714285,0.0,0.0,0.0,9056.0
BLUE ORIGIN,scraped,2026-03,20,8747.7,8565.5,0.0,0.05,0.037064492216456635,0.0,
BURGEON IT SERVICES,kaggle_arshkon,2024-04,1,861.0,861.0,0.0,0.0,0.0,0.0,248.0
BURGEON IT SERVICES,scraped,2026-03,1,1180.0,1180.0,0.0,0.0,0.0,0.0,
Barclays,kaggle_arshkon,2024-04,1,3793.0,3793.0,0.0,0.0,0.0,0.0,72034.0
Barclays,scraped,2026-03,1,5864.0,5864.0,0.0,1.0,0.4100041000410004,0.0,
Baxter International Inc.,kaggle_arshkon,2024-04,1,6762.0,6762.0,0.0,0.0,0.0,0.0,39817.0
Baxter International Inc.,scraped,2026-03,1,7808.0,7808.0,0.0,0.0,0.0,0.0,
BayOne Solutions,kaggle_arshkon,2024-04,3,1425.3333333333333,1638.0,0.0,0.0,0.0,0.0,323.0
BayOne Solutions,scraped,2026-03,2,2359.5,2359.5,0.0,0.0,0.0,0.0,
Bayside Solutions,kaggle_arshkon,2024-04,1,1701.0,1701.0,0.0,0.0,0.0,0.0,198.0
Bayside Solutions,scraped,2026-03,2,2709.5,2709.5,0.0,0.0,0.0,0.0,
BigBear.ai,kaggle_arshkon,2024-04,1,4169.0,4169.0,0.0,0.0,0.0,0.0,465.0
BigBear.ai,scraped,2026-03,4,3447.75,3649.0,0.0,0.0,0.0,0.0,
BitGo,kaggle_arshkon,2024-04,1,5244.0,5244.0,0.0,0.0,0.0,0.0,310.0
BitGo,scraped,2026-03,3,5823.666666666667,5825.0,0.0,0.0,0.0,0.0,
Bloomberg,kaggle_arshkon,2024-04,1,4423.0,4423.0,0.0,0.0,0.0,0.0,23952.0
Bloomberg,scraped,2026-03,3,4851.0,4455.0,0.0,0.0,0.0,0.0,
Boeing,kaggle_arshkon,2024-04,8,7034.875,6965.0,0.125,0.125,0.083948959032908,0.0,114567.0
Boeing,scraped,2026-03,10,7515.2,7606.0,0.1,0.1,0.0392156862745098,0.0,
Booz Allen Hamilton,kaggle_arshkon,2024-04,9,6473.0,6456.0,0.0,0.0,0.0,0.0,39065.0
Booz Allen Hamilton,scraped,2026-03,50,5105.32,4990.0,0.0,0.0,0.0,0.0,
Box,kaggle_arshkon,2024-04,1,4983.0,4983.0,0.0,0.0,0.0,0.0,3371.0
Box,scraped,2026-03,7,7168.0,7194.0,0.0,0.14285714285714285,0.1187507421921387,0.0,
Brightpath Associates LLC,kaggle_arshkon,2024-04,3,2850.3333333333335,2966.0,0.0,0.0,0.0,0.0,75.0
Brightpath Associates LLC,scraped,2026-03,1,833.0,833.0,0.0,0.0,0.0,0.0,
Broadcom,kaggle_arshkon,2024-04,1,8204.0,8204.0,0.0,0.0,0.0,0.0,55209.0
Broadcom,scraped,2026-03,2,2900.0,2900.0,0.0,0.0,0.0,0.0,
Brooksource,kaggle_arshkon,2024-04,4,2758.75,2782.0,0.0,0.0,0.0,0.0,2135.0
Brooksource,scraped,2026-03,5,4037.2,3274.0,0.4,0.2,0.16556291390728478,0.0,
Bruker Daltonics,kaggle_arshkon,2024-04,1,5493.0,5493.0,0.0,0.0,0.0,0.0,902.0
Bruker Daltonics,scraped,2026-03,1,5659.0,5659.0,1.0,0.0,0.0,0.0,
ByteDance,kaggle_arshkon,2024-04,4,4429.25,4238.0,0.25,0.0,0.0,0.0,40692.0
ByteDance,scraped,2026-03,6,7362.833333333333,7158.5,1.0,0.3333333333333333,0.49796211353912007,0.0,
CACI International Inc,kaggle_arshkon,2024-04,11,4971.090909090909,4439.0,0.5454545454545454,0.0,0.0,0.0,19894.0
CACI International Inc,scraped,2026-03,4,5000.75,5214.0,0.0,0.0,0.0,0.0,
CBTS,kaggle_arshkon,2024-04,1,1720.0,1720.0,0.0,0.0,0.0,0.0,2113.0
CBTS,scraped,2026-03,2,1364.0,1364.0,0.0,0.0,0.0,0.0,
CBase Inc,kaggle_arshkon,2024-04,3,3367.3333333333335,2889.0,0.0,0.0,0.0,0.0,17.0
CBase Inc,scraped,2026-03,1,1310.0,1310.0,0.0,0.0,0.0,0.0,
CCC Intelligent Solutions,kaggle_arshkon,2024-04,1,3530.0,3530.0,0.0,0.0,0.0,0.0,2204.0
CCC Intelligent Solutions,scraped,2026-03,1,3895.0,3895.0,1.0,0.0,0.0,0.0,
CGI,kaggle_arshkon,2024-04,8,7367.375,7522.0,1.0,0.0,0.0,0.0,67195.0
CGI,scraped,2026-03,11,8065.454545454545,7940.0,0.7272727272727273,0.0,0.0,0.0,
CIBC US,kaggle_arshkon,2024-04,1,9158.0,9158.0,1.0,0.0,0.0,0.0,1573.0
CIBC US,scraped,2026-03,1,7603.0,7603.0,0.0,0.0,0.0,0.0,
CVS Health,kaggle_arshkon,2024-04,1,3101.0,3101.0,0.0,0.0,0.0,0.0,116525.0
CVS Health,scraped,2026-03,5,6177.4,6148.0,0.2,0.4,0.5240947417473116,0.2,
Cadence Design Systems,kaggle_arshkon,2024-04,2,2342.5,2342.5,0.5,0.0,0.0,0.0,9727.0
Cadence Design Systems,scraped,2026-03,1,5134.0,5134.0,1.0,0.0,0.0,0.0,
Calyptus,kaggle_arshkon,2024-04,4,1225.75,1311.0,0.0,0.0,0.0,0.0,18.0
Calyptus,scraped,2026-03,2,3864.0,3864.0,0.0,0.0,0.0,0.0,
Capgemini,kaggle_arshkon,2024-04,3,4306.666666666667,4415.0,0.0,0.0,0.0,0.0,296033.0
Capgemini,scraped,2026-03,22,6699.909090909091,7281.5,0.045454545454545456,0.0,0.0,0.0,
Capgemini Engineering,kaggle_arshkon,2024-04,1,5930.0,5930.0,0.0,0.0,0.0,0.0,49347.0
Capgemini Engineering,scraped,2026-03,1,8363.0,8363.0,0.0,0.0,0.0,0.0,
Capital One,kaggle_arshkon,2024-04,115,5815.713043478261,5787.0,0.09565217391304348,0.0,0.0,0.0,55249.0
Capital One,scraped,2026-03,47,6524.063829787234,6158.0,0.02127659574468085,0.2127659574468085,0.04377452302451581,0.0,
CarMax,kaggle_arshkon,2024-04,3,4692.333333333333,4706.0,0.0,0.0,0.0,0.0,15844.0
CarMax,scraped,2026-03,1,2897.0,2897.0,0.0,0.0,0.0,0.0,
Caterpillar Inc.,kaggle_arshkon,2024-04,3,4447.0,5126.0,0.0,0.0,0.0,0.0,51233.0
Caterpillar Inc.,scraped,2026-03,2,7955.0,7955.0,0.5,0.0,0.0,0.0,
Centene Corporation,kaggle_arshkon,2024-04,3,4395.666666666667,4379.0,0.0,0.0,0.0,0.3333333333333333,30740.0
Centene Corporation,scraped,2026-03,1,4800.0,4800.0,0.0,0.0,0.0,0.0,
Central Point Partners,kaggle_arshkon,2024-04,2,2945.5,2945.5,0.0,0.0,0.0,0.0,45.0
Central Point Partners,scraped,2026-03,1,4535.0,4535.0,0.0,0.0,0.0,0.0,
"Chart Industries, Inc.",kaggle_arshkon,2024-04,1,4825.0,4825.0,1.0,0.0,0.0,0.0,1970.0
"Chart Industries, Inc.",scraped,2026-03,1,7166.0,7166.0,0.0,0.0,0.0,0.0,
Chick-fil-A Corporate Support Center,kaggle_arshkon,2024-04,1,4504.0,4504.0,0.0,0.0,0.0,0.0,63379.0
Chick-fil-A Corporate Support Center,scraped,2026-03,1,6134.0,6134.0,0.0,0.0,0.0,0.0,
Chime,kaggle_arshkon,2024-04,1,4443.0,4443.0,0.0,0.0,0.0,0.0,1772.0
Chime,scraped,2026-03,4,7787.25,7765.0,0.0,0.0,0.0,0.0,
Cisco,kaggle_arshkon,2024-04,5,4954.8,4288.0,0.0,0.0,0.0,0.0,99409.0
Cisco,scraped,2026-03,10,7568.0,7375.0,0.7,0.0,0.0,0.0,
City Storage Systems,kaggle_arshkon,2024-04,1,3030.0,3030.0,1.0,0.0,0.0,0.0,90.0
City Storage Systems,scraped,2026-03,3,5106.333333333333,5250.0,0.0,0.0,0.0,0.0,
ClearanceJobs,kaggle_arshkon,2024-04,12,6084.166666666667,4271.0,0.4166666666666667,0.0,0.0,0.0,505.0
ClearanceJobs,scraped,2026-03,1,3122.0,3122.0,0.0,0.0,0.0,0.0,
Cloudflare,kaggle_arshkon,2024-04,7,8369.0,8093.0,0.0,0.0,0.0,0.0,4297.0
Cloudflare,scraped,2026-03,9,7898.888888888889,8191.0,0.0,0.1111111111111111,0.032215456976257204,0.0,
Cloudious LLC,kaggle_arshkon,2024-04,3,677.3333333333334,533.0,0.0,0.0,0.0,0.0,87.0
Cloudious LLC,scraped,2026-03,1,1380.0,1380.0,0.0,0.0,0.0,0.0,
CoBank,kaggle_arshkon,2024-04,1,8127.0,8127.0,0.0,0.0,0.0,0.0,1374.0
CoBank,scraped,2026-03,1,9041.0,9041.0,0.0,0.0,0.0,0.0,
Codebase Inc,kaggle_arshkon,2024-04,1,2460.0,2460.0,0.0,0.0,0.0,0.0,13.0
Codebase Inc,scraped,2026-03,1,3087.0,3087.0,0.0,1.0,6.289308176100629,0.0,
Cogent Communications,kaggle_arshkon,2024-04,6,4232.666666666667,4369.0,1.0,0.0,0.0,0.0,2388.0
Cogent Communications,scraped,2026-03,2,4334.0,4334.0,0.0,0.0,0.0,0.0,
Coinbase,kaggle_arshkon,2024-04,1,6580.0,6580.0,0.0,0.0,0.0,0.0,4556.0
Coinbase,scraped,2026-03,2,7617.5,7617.5,1.0,0.0,0.0,0.0,
Collins Aerospace,kaggle_arshkon,2024-04,3,8519.333333333334,7303.0,0.0,0.0,0.0,0.0,50706.0
Collins Aerospace,scraped,2026-03,2,9594.5,9594.5,0.0,0.0,0.0,0.0,
Comcast,kaggle_arshkon,2024-04,2,6090.5,6090.5,0.0,0.0,0.0,0.0,58143.0
Comcast,scraped,2026-03,1,9574.0,9574.0,0.0,0.0,0.0,0.0,
Compunnel Inc.,kaggle_arshkon,2024-04,23,1492.4347826086957,1471.0,0.0,0.0,0.0,0.0,2215.0
Compunnel Inc.,scraped,2026-03,3,1584.6666666666667,1910.0,0.0,0.0,0.0,0.0,
Confidential,kaggle_arshkon,2024-04,5,1939.8,1709.0,0.0,0.0,0.0,0.0,27287.0
Confidential,scraped,2026-03,1,1333.0,1333.0,0.0,0.0,0.0,0.0,
Confidential Jobs,kaggle_arshkon,2024-04,2,3422.0,3422.0,0.0,0.0,0.0,0.0,723.0
Confidential Jobs,scraped,2026-03,1,3477.0,3477.0,0.0,1.0,0.6839945280437756,0.0,
Congensys Corp,kaggle_arshkon,2024-04,1,373.0,373.0,0.0,0.0,0.0,0.0,23.0
Congensys Corp,scraped,2026-03,1,2280.0,2280.0,0.0,0.0,0.0,0.0,
Constellation,kaggle_arshkon,2024-04,1,5697.0,5697.0,1.0,0.0,0.0,0.0,8473.0
Constellation,scraped,2026-03,1,2989.0,2989.0,1.0,0.0,0.0,0.0,
ConsultNet Technology Services and Solutions,kaggle_arshkon,2024-04,2,1457.0,1457.0,0.0,0.0,0.0,0.0,220.0
ConsultNet Technology Services and Solutions,scraped,2026-03,3,3298.0,2867.0,0.3333333333333333,0.0,0.0,0.0,
Cox Automotive Inc.,kaggle_arshkon,2024-04,1,5571.0,5571.0,1.0,0.0,0.0,1.0,9776.0
Cox Automotive Inc.,scraped,2026-03,2,4786.5,4786.5,0.0,0.5,0.26567481402763016,0.0,
CrowdStrike,kaggle_arshkon,2024-04,4,4807.75,4898.5,0.0,0.0,0.0,0.0,8128.0
CrowdStrike,scraped,2026-03,3,6630.333333333333,5861.0,0.0,0.0,0.0,0.0,
Cullerton Group,kaggle_arshkon,2024-04,1,3133.0,3133.0,0.0,0.0,0.0,0.0,8.0
Cullerton Group,scraped,2026-03,1,2819.0,2819.0,0.0,0.0,0.0,0.0,
CyberCoders,kaggle_arshkon,2024-04,2,2711.5,2711.5,0.0,0.0,0.0,0.0,643.0
CyberCoders,scraped,2026-03,5,3254.8,3775.0,0.0,0.0,0.0,0.0,
Cynet Systems,kaggle_arshkon,2024-04,1,1452.0,1452.0,0.0,0.0,0.0,0.0,691.0
Cynet Systems,scraped,2026-03,4,1919.25,1748.0,0.25,0.25,0.6067961165048543,0.0,
DAT Freight & Analytics,kaggle_arshkon,2024-04,1,7615.0,7615.0,0.0,0.0,0.0,0.0,1052.0
DAT Freight & Analytics,scraped,2026-03,1,8176.0,8176.0,0.0,1.0,0.12493753123438281,1.0,
DNV,kaggle_arshkon,2024-04,2,6480.0,6480.0,0.0,0.0,0.0,1.0,20468.0
DNV,scraped,2026-03,2,7264.0,7264.0,0.0,0.0,0.0,1.0,
Databricks,kaggle_arshkon,2024-04,3,4515.0,4515.0,0.0,0.0,0.0,0.0,8558.0
Databricks,scraped,2026-03,2,5636.0,5636.0,0.0,0.0,0.0,0.0,
Dell Technologies,kaggle_arshkon,2024-04,1,4847.0,4847.0,0.0,0.0,0.0,0.0,137389.0
Dell Technologies,scraped,2026-03,3,3977.6666666666665,3520.0,0.0,0.3333333333333333,0.2632964718272775,0.0,
Deloitte,kaggle_arshkon,2024-04,11,3458.5454545454545,3405.0,0.09090909090909091,0.0,0.0,0.0,435078.0
Deloitte,scraped,2026-03,64,8045.75,7577.0,0.0,0.53125,0.8954909397387274,0.53125,
Delta Air Lines,kaggle_arshkon,2024-04,3,4679.333333333333,4769.0,0.6666666666666666,0.0,0.0,0.0,72654.0
Delta Air Lines,scraped,2026-03,2,6697.5,6697.5,0.0,0.0,0.0,0.0,
Delta Dental Ins.,kaggle_arshkon,2024-04,2,6910.0,6910.0,1.0,0.0,0.0,0.0,5363.0
Delta Dental Ins.,scraped,2026-03,1,10867.0,10867.0,0.0,0.0,0.0,0.0,
Dexian,kaggle_arshkon,2024-04,6,2378.8333333333335,2267.0,0.16666666666666666,0.0,0.0,0.0,3690.0
Dexian,scraped,2026-03,1,2426.0,2426.0,0.0,0.0,0.0,0.0,
Digitive,kaggle_arshkon,2024-04,2,1499.0,1499.0,0.0,0.0,0.0,0.0,81.0
Digitive,scraped,2026-03,1,1238.0,1238.0,0.0,0.0,0.0,0.0,
Docusign,kaggle_arshkon,2024-04,3,7059.666666666667,7090.0,1.0,0.0,0.0,0.0,7463.0
Docusign,scraped,2026-03,1,7066.0,7066.0,1.0,0.0,0.0,0.0,
DoorDash,kaggle_arshkon,2024-04,1,5910.0,5910.0,1.0,0.0,0.0,0.0,56182.0
DoorDash,scraped,2026-03,11,8400.09090909091,8030.0,0.0,0.0,0.0,0.0,
Draper,kaggle_arshkon,2024-04,1,3456.0,3456.0,1.0,0.0,0.0,0.0,2279.0
Draper,scraped,2026-03,2,6103.0,6103.0,0.0,0.0,0.0,0.0,
Dunham-Bush USA,kaggle_arshkon,2024-04,1,1957.0,1957.0,1.0,0.0,0.0,0.0,82.0
Dunham-Bush USA,scraped,2026-03,1,3527.0,3527.0,0.0,0.0,0.0,1.0,
E-Solutions,kaggle_arshkon,2024-04,2,1748.5,1748.5,0.0,0.0,0.0,0.0,1571.0
E-Solutions,scraped,2026-03,1,1779.0,1779.0,1.0,1.0,2.2962112514351323,0.0,
EPAM Systems,kaggle_arshkon,2024-04,1,6035.0,6035.0,0.0,0.0,0.0,0.0,56199.0
EPAM Systems,scraped,2026-03,1,3265.0,3265.0,0.0,0.0,0.0,0.0,
EPITEC,kaggle_arshkon,2024-04,10,2900.3,2944.5,0.1,0.1,0.024102193299590263,0.0,556.0
EPITEC,scraped,2026-03,2,3060.5,3060.5,0.0,0.5,1.2266928361138372,0.0,
EVONA,kaggle_arshkon,2024-04,4,1494.0,1221.5,0.0,0.0,0.0,0.0,63.0
EVONA,scraped,2026-03,2,2251.0,2251.0,0.0,0.0,0.0,0.0,
EXL,kaggle_arshkon,2024-04,1,783.0,783.0,0.0,0.0,0.0,0.0,33376.0
EXL,scraped,2026-03,1,1743.0,1743.0,1.0,0.0,0.0,0.0,
Early Warning®,kaggle_arshkon,2024-04,1,7906.0,7906.0,0.0,0.0,0.0,0.0,1338.0
Early Warning®,scraped,2026-03,7,7600.857142857143,8248.0,0.0,0.0,0.0,0.0,
Eaton,kaggle_arshkon,2024-04,1,5042.0,5042.0,0.0,0.0,0.0,0.0,47227.0
Eaton,scraped,2026-03,2,6063.0,6063.0,0.0,0.0,0.0,0.0,
Eclaro,kaggle_arshkon,2024-04,2,3378.5,3378.5,1.0,0.0,0.0,0.0,1042.0
Eclaro,scraped,2026-03,2,4381.0,4381.0,0.0,0.0,0.0,0.0,
Eliassen Group,kaggle_arshkon,2024-04,12,2578.4166666666665,2478.5,0.0,0.0,0.0,0.0,1218.0
Eliassen Group,scraped,2026-03,1,4315.0,4315.0,0.0,0.0,0.0,0.0,
Empower Professionals Inc,kaggle_arshkon,2024-04,6,1279.5,1420.0,0.0,0.0,0.0,0.0,80.0
Empower Professionals Inc,scraped,2026-03,4,2388.0,2427.5,0.0,0.0,0.0,0.0,
Envision Technology Solutions,kaggle_arshkon,2024-04,1,1487.0,1487.0,0.0,0.0,0.0,0.0,34.0
Envision Technology Solutions,scraped,2026-03,3,1858.0,1737.0,0.0,0.0,0.0,0.0,
Epsilon,kaggle_arshkon,2024-04,1,5679.0,5679.0,0.0,0.0,0.0,0.0,9403.0
Epsilon,scraped,2026-03,1,8562.0,8562.0,0.0,0.0,0.0,0.0,
Equifax,kaggle_arshkon,2024-04,4,3971.5,4002.0,0.0,0.0,0.0,0.0,15130.0
Equifax,scraped,2026-03,2,3980.5,3980.5,0.0,0.5,0.2639218791237794,0.0,
Ernst & Young,kaggle_arshkon,2024-04,1,9546.0,9546.0,0.0,0.0,0.0,0.0,351055.0
Ernst & Young,scraped,2026-03,2,8730.0,8730.0,0.0,0.0,0.0,0.0,
Esri,kaggle_arshkon,2024-04,4,4345.25,4436.0,0.0,0.0,0.0,0.0,6535.0
Esri,scraped,2026-03,4,5476.5,5480.5,0.5,0.0,0.0,0.0,
Exact Sciences,kaggle_arshkon,2024-04,1,6573.0,6573.0,0.0,0.0,0.0,0.0,5451.0
Exact Sciences,scraped,2026-03,1,7491.0,7491.0,0.0,0.0,0.0,0.0,
Expedia Group,kaggle_arshkon,2024-04,1,7508.0,7508.0,0.0,0.0,0.0,0.0,22722.0
Expedia Group,scraped,2026-03,4,7641.25,7572.0,0.0,0.0,0.0,0.0,
Experis,kaggle_arshkon,2024-04,26,2799.0384615384614,2799.0,0.7307692307692307,0.0,0.0,0.0,9287.0
Experis,scraped,2026-03,4,3207.75,3643.5,0.25,0.0,0.0,0.0,
Extend Information Systems Inc.,kaggle_arshkon,2024-04,3,2149.0,2063.0,0.0,0.0,0.0,0.0,51.0
Extend Information Systems Inc.,scraped,2026-03,2,4477.0,4477.0,0.0,0.0,0.0,0.0,
FIS,kaggle_arshkon,2024-04,6,6308.833333333333,6037.5,0.0,0.0,0.0,0.0,45882.0
FIS,scraped,2026-03,1,9205.0,9205.0,0.0,1.0,0.27762354247640203,0.0,
FastTek Global,kaggle_arshkon,2024-04,5,3997.2,3877.0,0.0,0.0,0.0,0.0,84.0
FastTek Global,scraped,2026-03,2,8421.0,8421.0,0.0,0.0,0.0,0.0,
Fidelity Investments,kaggle_arshkon,2024-04,29,6005.931034482759,6091.0,0.0,0.0,0.0,0.0,75676.0
Fidelity Investments,scraped,2026-03,3,5083.666666666667,4769.0,0.0,0.0,0.0,0.0,
Fivetran,kaggle_arshkon,2024-04,1,8148.0,8148.0,0.0,0.0,0.0,0.0,1264.0
Fivetran,scraped,2026-03,5,7159.0,6926.0,0.0,0.0,0.0,0.0,
FlexTrade,kaggle_arshkon,2024-04,1,1648.0,1648.0,0.0,0.0,0.0,0.0,638.0
FlexTrade,scraped,2026-03,2,3359.0,3359.0,0.0,0.0,0.0,0.0,
FloQast,kaggle_arshkon,2024-04,1,6240.0,6240.0,0.0,0.0,0.0,0.0,658.0
FloQast,scraped,2026-03,2,7038.0,7038.0,0.0,0.5,0.0660414740457007,0.0,
Ford Motor Company,kaggle_arshkon,2024-04,14,5255.714285714285,5469.5,0.0,0.14285714285714285,0.04940289864095217,0.0,126559.0
Ford Motor Company,scraped,2026-03,4,6054.0,5982.0,0.0,0.0,0.0,0.0,
Franklin Fitch,kaggle_arshkon,2024-04,7,1275.142857142857,1280.0,0.0,0.0,0.0,0.0,76.0
Franklin Fitch,scraped,2026-03,3,1811.0,1994.0,0.0,0.0,0.0,0.0,
Franklin Templeton,kaggle_arshkon,2024-04,1,7082.0,7082.0,1.0,0.0,0.0,0.0,11554.0
Franklin Templeton,scraped,2026-03,1,6616.0,6616.0,0.0,0.0,0.0,0.0,
Function Health,kaggle_arshkon,2024-04,1,9961.0,9961.0,0.0,0.0,0.0,0.0,83.0
Function Health,scraped,2026-03,3,7604.0,5635.0,0.0,0.0,0.0,0.0,
GEICO,kaggle_arshkon,2024-04,1,6595.0,6595.0,0.0,0.0,0.0,0.0,28769.0
GEICO,scraped,2026-03,9,8849.444444444445,8261.0,0.0,0.2222222222222222,0.17643685765956507,0.0,
GM Financial,kaggle_arshkon,2024-04,1,4139.0,4139.0,1.0,0.0,0.0,0.0,8195.0
GM Financial,scraped,2026-03,1,7846.0,7846.0,0.0,0.0,0.0,0.0,
GRAIL,kaggle_arshkon,2024-04,1,3898.0,3898.0,0.0,0.0,0.0,0.0,1431.0
GRAIL,scraped,2026-03,1,7074.0,7074.0,0.0,0.0,0.0,0.0,
Galactic Minds INC,kaggle_arshkon,2024-04,3,910.0,643.0,0.0,0.0,0.0,0.0,23.0
Galactic Minds INC,scraped,2026-03,1,4265.0,4265.0,0.0,0.0,0.0,1.0,
Garmin,kaggle_arshkon,2024-04,1,3130.0,3130.0,0.0,0.0,0.0,0.0,8763.0
Garmin,scraped,2026-03,5,3282.6,2974.0,1.0,0.0,0.0,0.0,
General Atomics,kaggle_arshkon,2024-04,3,3514.0,3910.0,0.6666666666666666,0.0,0.0,0.0,9539.0
General Atomics,scraped,2026-03,1,4933.0,4933.0,0.0,0.0,0.0,0.0,
General Dynamics Information Technology,kaggle_arshkon,2024-04,3,6938.333333333333,7077.0,0.6666666666666666,0.0,0.0,0.0,24587.0
General Dynamics Information Technology,scraped,2026-03,6,6252.333333333333,5833.5,0.3333333333333333,0.0,0.0,0.0,
General Dynamics Mission Systems,kaggle_arshkon,2024-04,5,3938.6,3678.0,1.0,0.0,0.0,0.0,8768.0
General Dynamics Mission Systems,scraped,2026-03,7,4504.0,4611.0,0.2857142857142857,0.0,0.0,0.0,
General Motors,kaggle_arshkon,2024-04,14,7339.357142857143,7551.0,0.07142857142857142,0.0,0.0,0.0,109499.0
General Motors,scraped,2026-03,35,7283.371428571429,7183.0,0.02857142857142857,0.0,0.0,0.08571428571428572,
Global Payments Inc.,kaggle_arshkon,2024-04,1,4251.0,4251.0,1.0,0.0,0.0,0.0,17506.0
Global Payments Inc.,scraped,2026-03,1,5005.0,5005.0,0.0,0.0,0.0,0.0,
Goldman Sachs,kaggle_arshkon,2024-04,5,3637.4,4516.0,0.2,0.0,0.0,0.0,54575.0
Goldman Sachs,scraped,2026-03,4,4114.0,3915.0,0.0,0.0,0.0,0.0,
Goliath Partners,kaggle_arshkon,2024-04,5,1240.2,1169.0,0.0,0.0,0.0,0.0,4.0
Goliath Partners,scraped,2026-03,2,942.0,942.0,0.0,0.0,0.0,0.0,
Google,kaggle_arshkon,2024-04,15,4502.266666666666,4546.0,0.0,0.06666666666666667,0.023124060585038735,0.0,283472.0
Google,scraped,2026-03,72,4749.319444444444,4751.5,0.0,0.1388888888888889,0.0694364902643626,0.013888888888888888,
Guidehouse,kaggle_arshkon,2024-04,2,4538.0,4538.0,1.0,0.0,0.0,0.0,13331.0
Guidehouse,scraped,2026-03,1,7139.0,7139.0,0.0,0.0,0.0,0.0,
HCL Global Systems Inc,kaggle_arshkon,2024-04,2,3485.0,3485.0,0.0,0.0,0.0,0.0,610.0
HCL Global Systems Inc,scraped,2026-03,1,1140.0,1140.0,0.0,0.0,0.0,0.0,
HCLTech,kaggle_arshkon,2024-04,1,1118.0,1118.0,0.0,0.0,0.0,0.0,261603.0
HCLTech,scraped,2026-03,1,3280.0,3280.0,0.0,0.0,0.0,0.0,
HIRECLOUT,kaggle_arshkon,2024-04,3,3425.6666666666665,3483.0,0.0,0.0,0.0,0.0,39.0
HIRECLOUT,scraped,2026-03,1,4800.0,4800.0,0.0,0.0,0.0,0.0,
HTC Global Services,kaggle_arshkon,2024-04,6,3564.6666666666665,3568.0,0.0,0.0,0.0,0.0,11689.0
HTC Global Services,scraped,2026-03,1,2448.0,2448.0,0.0,0.0,0.0,0.0,
Hadrian,kaggle_arshkon,2024-04,1,3988.0,3988.0,1.0,0.0,0.0,0.0,110.0
Hadrian,scraped,2026-03,1,5522.0,5522.0,0.0,0.0,0.0,0.0,
Harnham,kaggle_arshkon,2024-04,6,1936.1666666666667,2041.0,0.0,0.3333333333333333,0.49297889464137706,0.0,219.0
Harnham,scraped,2026-03,2,2897.0,2897.0,0.0,0.0,0.0,0.0,
HomeServe USA,kaggle_arshkon,2024-04,1,3852.0,3852.0,1.0,0.0,0.0,0.0,1118.0
HomeServe USA,scraped,2026-03,1,4712.0,4712.0,0.0,0.0,0.0,0.0,
Honeywell,kaggle_arshkon,2024-04,9,3486.0,3258.0,0.6666666666666666,0.1111111111111111,0.05948132286462052,0.0,126219.0
Honeywell,scraped,2026-03,2,7560.0,7560.0,0.0,0.5,1.2677484787018256,0.0,
Horizontal Talent,kaggle_arshkon,2024-04,4,1503.25,1794.5,0.5,0.0,0.0,0.0,371.0
Horizontal Talent,scraped,2026-03,1,2405.0,2405.0,0.0,0.0,0.0,0.0,
Hunter Bond,kaggle_arshkon,2024-04,1,1102.0,1102.0,0.0,0.0,0.0,0.0,79.0
Hunter Bond,scraped,2026-03,1,1362.0,1362.0,0.0,0.0,0.0,0.0,
IBM,kaggle_arshkon,2024-04,1,9041.0,9041.0,0.0,0.0,0.0,0.0,311223.0
IBM,scraped,2026-03,8,4142.125,3992.0,0.25,0.125,0.13837638376383762,0.375,
ICE,kaggle_arshkon,2024-04,25,3553.8,3632.0,0.04,0.0,0.0,0.0,5948.0
ICE,scraped,2026-03,1,2593.0,2593.0,0.0,0.0,0.0,0.0,
ICF,kaggle_arshkon,2024-04,1,4910.0,4910.0,1.0,0.0,0.0,0.0,10417.0
ICF,scraped,2026-03,4,7299.5,6884.5,0.0,0.25,0.27496700395952484,0.0,
IT America Inc,kaggle_arshkon,2024-04,2,902.0,902.0,0.0,0.0,0.0,0.0,217.0
IT America Inc,scraped,2026-03,1,2264.0,2264.0,0.0,1.0,1.2269938650306749,0.0,
"Ideal Innovations, Inc.",kaggle_arshkon,2024-04,1,4806.0,4806.0,0.0,0.0,0.0,0.0,233.0
"Ideal Innovations, Inc.",scraped,2026-03,1,6006.0,6006.0,0.0,0.0,0.0,0.0,
Inceed,kaggle_arshkon,2024-04,1,1845.0,1845.0,1.0,0.0,0.0,0.0,206.0
Inceed,scraped,2026-03,1,2325.0,2325.0,0.0,0.0,0.0,0.0,
Infinite Computer Solutions,kaggle_arshkon,2024-04,1,2791.0,2791.0,0.0,0.0,0.0,0.0,8925.0
Infinite Computer Solutions,scraped,2026-03,1,1663.0,1663.0,1.0,0.0,0.0,0.0,
Info Way Solutions,kaggle_arshkon,2024-04,3,1240.6666666666667,971.0,0.0,0.0,0.0,0.0,173.0
Info Way Solutions,scraped,2026-03,3,519.0,251.0,1.0,0.0,0.0,0.0,
Infosys,kaggle_arshkon,2024-04,2,2036.0,2036.0,0.0,0.0,0.0,0.0,322488.0
Infosys,scraped,2026-03,3,3963.0,3989.0,0.0,0.0,0.0,0.0,
Innova Solutions,kaggle_arshkon,2024-04,2,5170.5,5170.5,1.0,0.0,0.0,0.0,6708.0
Innova Solutions,scraped,2026-03,2,6912.0,6912.0,1.0,0.0,0.0,0.0,
Insight Global,kaggle_arshkon,2024-04,22,1497.4545454545455,1325.0,0.09090909090909091,0.0,0.0,0.0,14128.0
Insight Global,scraped,2026-03,7,2159.714285714286,1987.0,0.0,0.0,0.0,0.0,
Intel Corporation,kaggle_arshkon,2024-04,3,4763.666666666667,4744.0,0.6666666666666666,0.0,0.0,0.0,122352.0
Intel Corporation,scraped,2026-03,2,6952.5,6952.5,0.5,0.0,0.0,0.0,
Intellectt Inc,kaggle_arshkon,2024-04,4,1812.75,1799.0,0.0,0.0,0.0,0.0,413.0
Intellectt Inc,scraped,2026-03,2,1776.5,1776.5,0.0,0.0,0.0,0.0,
Intellibus,kaggle_arshkon,2024-04,1,3651.0,3651.0,0.0,0.0,0.0,0.0,61.0
Intellibus,scraped,2026-03,4,4971.0,4971.0,0.0,0.0,0.0,0.0,
Intellisoft Technologies,kaggle_arshkon,2024-04,2,965.5,965.5,0.0,0.0,0.0,0.0,186.0
Intellisoft Technologies,scraped,2026-03,3,2465.6666666666665,2457.0,0.0,0.0,0.0,0.0,
Intuitive,kaggle_arshkon,2024-04,1,5518.0,5518.0,0.0,0.0,0.0,0.0,9952.0
Intuitive,scraped,2026-03,3,7171.666666666667,7008.0,0.3333333333333333,0.0,0.0,0.0,
Iris Software Inc.,kaggle_arshkon,2024-04,2,975.0,975.0,0.0,0.0,0.0,0.0,3303.0
Iris Software Inc.,scraped,2026-03,1,2906.0,2906.0,0.0,0.0,0.0,0.0,
JPMorgan Chase & Co.,kaggle_arshkon,2024-04,12,4633.25,4725.0,0.0,0.0,0.0,0.0,295191.0
JPMorgan Chase & Co.,scraped,2026-03,58,5844.327586206897,5728.5,0.0,0.29310344827586204,0.2965721773025773,0.034482758620689655,
Jacobs,kaggle_arshkon,2024-04,2,5193.5,5193.5,0.0,0.0,0.0,0.5,68587.0
Jacobs,scraped,2026-03,2,5722.0,5722.0,0.0,0.0,0.0,0.0,
Jefferies,kaggle_arshkon,2024-04,1,4694.0,4694.0,1.0,0.0,0.0,0.0,7501.0
Jefferies,scraped,2026-03,1,4704.0,4704.0,0.0,0.0,0.0,0.0,
Jewelers Mutual Group,kaggle_arshkon,2024-04,1,4023.0,4023.0,0.0,0.0,0.0,0.0,527.0
Jewelers Mutual Group,scraped,2026-03,1,4088.0,4088.0,0.0,0.0,0.0,0.0,
Jobot,kaggle_arshkon,2024-04,10,2346.2,2574.0,0.5,0.0,0.0,0.0,3692.0
Jobot,scraped,2026-03,16,3557.25,3539.0,0.125,0.125,0.07053144014985492,0.0625,
Jobs via eFinancialCareers,kaggle_arshkon,2024-04,2,3889.0,3889.0,0.5,0.0,0.0,0.0,8.0
Jobs via eFinancialCareers,scraped,2026-03,15,5187.666666666667,4829.0,0.13333333333333333,0.26666666666666666,0.34621962130049455,0.06666666666666667,
Joby Aviation,kaggle_arshkon,2024-04,2,4692.5,4692.5,0.0,0.0,0.0,0.0,1329.0
Joby Aviation,scraped,2026-03,1,3487.0,3487.0,0.0,0.0,0.0,0.0,
"KBR, Inc.",kaggle_arshkon,2024-04,3,3975.0,3966.0,0.3333333333333333,0.0,0.0,0.0,27927.0
"KBR, Inc.",scraped,2026-03,1,6784.0,6784.0,1.0,0.0,0.0,0.0,
KPG99 INC,kaggle_arshkon,2024-04,3,1933.3333333333333,2194.0,0.0,0.0,0.0,0.0,221.0
KPG99 INC,scraped,2026-03,1,2661.0,2661.0,0.0,1.0,1.3850415512465375,0.0,
KellyMitchell Group,kaggle_arshkon,2024-04,1,1418.0,1418.0,0.0,0.0,0.0,0.0,259.0
KellyMitchell Group,scraped,2026-03,1,2654.0,2654.0,0.0,0.0,0.0,0.0,
Klaviyo,kaggle_arshkon,2024-04,1,3419.0,3419.0,0.0,0.0,0.0,0.0,2244.0
Klaviyo,scraped,2026-03,8,7966.125,7779.0,0.0,0.5,0.2177615986212254,0.0,
Koniag Government Services,kaggle_arshkon,2024-04,1,5962.0,5962.0,0.0,0.0,0.0,0.0,1069.0
Koniag Government Services,scraped,2026-03,1,6897.0,6897.0,0.0,0.0,0.0,0.0,
L3Harris Technologies,kaggle_arshkon,2024-04,1,4883.0,4883.0,0.0,0.0,0.0,0.0,28295.0
L3Harris Technologies,scraped,2026-03,3,6696.333333333333,6196.0,0.0,0.0,0.0,0.0,
LHH,kaggle_arshkon,2024-04,1,4299.0,4299.0,0.0,0.0,0.0,0.0,13663.0
LHH,scraped,2026-03,1,4554.0,4554.0,0.0,0.0,0.0,0.0,
LTIMindtree,kaggle_arshkon,2024-04,1,4973.0,4973.0,0.0,0.0,0.0,0.0,102114.0
LTIMindtree,scraped,2026-03,1,4312.0,4312.0,1.0,0.0,0.0,0.0,
Lam Research,kaggle_arshkon,2024-04,1,5640.0,5640.0,0.0,0.0,0.0,0.0,13452.0
Lam Research,scraped,2026-03,17,5277.0,5186.0,0.0,0.058823529411764705,0.029091755396520622,0.0,
Lawrence Harvey,kaggle_arshkon,2024-04,1,2155.0,2155.0,0.0,0.0,0.0,0.0,170.0
Lawrence Harvey,scraped,2026-03,1,1695.0,1695.0,0.0,0.0,0.0,0.0,
Learn Beyond Consulting,kaggle_arshkon,2024-04,1,822.0,822.0,0.0,0.0,0.0,0.0,25.0
Learn Beyond Consulting,scraped,2026-03,1,905.0,905.0,0.0,0.0,0.0,0.0,
Leidos,kaggle_arshkon,2024-04,16,4008.1875,3770.5,0.9375,0.0,0.0,0.0,32781.0
Leidos,scraped,2026-03,19,7220.263157894737,6775.0,0.21052631578947367,0.15789473684210525,0.09300167138533134,0.0,
Leonardo DRS,kaggle_arshkon,2024-04,2,5645.0,5645.0,0.5,0.0,0.0,0.0,5690.0
Leonardo DRS,scraped,2026-03,3,5104.333333333333,4712.0,0.3333333333333333,0.0,0.0,0.0,
Liberty Mutual Insurance,kaggle_arshkon,2024-04,1,5063.0,5063.0,0.0,0.0,0.0,0.0,40555.0
Liberty Mutual Insurance,scraped,2026-03,2,5083.0,5083.0,0.0,0.0,0.0,0.0,
LinkedIn,kaggle_arshkon,2024-04,4,7719.5,7508.5,0.0,0.0,0.0,0.0,25257.0
LinkedIn,scraped,2026-03,21,8106.857142857143,7933.0,0.0,0.23809523809523808,0.21563950516463087,0.09523809523809523,
LogicMonitor,kaggle_arshkon,2024-04,2,5823.0,5823.0,0.0,0.0,0.0,0.0,1092.0
LogicMonitor,scraped,2026-03,1,7593.0,7593.0,0.0,0.0,0.0,0.0,
"Lowe's Companies, Inc.",kaggle_arshkon,2024-04,9,3418.222222222222,3354.0,0.5555555555555556,0.0,0.0,0.0,137377.0
"Lowe's Companies, Inc.",scraped,2026-03,2,6163.5,6163.5,0.0,0.0,0.0,0.0,
Luxoft,kaggle_arshkon,2024-04,1,3335.0,3335.0,0.0,0.0,0.0,0.0,17571.0
Luxoft,scraped,2026-03,1,1921.0,1921.0,0.0,1.0,1.0570824524312896,0.0,
M&T Bank,kaggle_arshkon,2024-04,1,5748.0,5748.0,0.0,0.0,0.0,0.0,26725.0
M&T Bank,scraped,2026-03,1,6243.0,6243.0,0.0,0.0,0.0,0.0,
ManTech,kaggle_arshkon,2024-04,1,5209.0,5209.0,1.0,0.0,0.0,0.0,10333.0
ManTech,scraped,2026-03,1,1843.0,1843.0,0.0,0.0,0.0,0.0,
Marriott International,kaggle_arshkon,2024-04,1,6866.0,6866.0,0.0,0.0,0.0,0.0,227942.0
Marriott International,scraped,2026-03,2,8987.5,8987.5,0.0,0.0,0.0,0.5,
Matlen Silver,kaggle_arshkon,2024-04,3,1764.3333333333333,1500.0,0.0,0.0,0.0,0.0,323.0
Matlen Silver,scraped,2026-03,2,2994.5,2994.5,0.0,0.0,0.0,0.0,
McKesson,kaggle_arshkon,2024-04,2,5841.0,5841.0,1.0,0.0,0.0,0.0,21030.0
McKesson,scraped,2026-03,1,5642.0,5642.0,0.0,0.0,0.0,0.0,
McKinsol Consulting Inc,kaggle_arshkon,2024-04,1,672.0,672.0,1.0,0.0,0.0,0.0,691.0
McKinsol Consulting Inc,scraped,2026-03,1,749.0,749.0,1.0,0.0,0.0,0.0,
Mercor,kaggle_arshkon,2024-04,1,781.0,781.0,0.0,0.0,0.0,0.0,61.0
Mercor,scraped,2026-03,22,2323.7272727272725,2082.0,0.09090909090909091,0.13636363636363635,0.2986135699743295,0.0,
Merican Inc.,kaggle_arshkon,2024-04,2,1437.0,1437.0,0.0,0.0,0.0,0.0,20.0
Merican Inc.,scraped,2026-03,1,2292.0,2292.0,0.0,0.0,0.0,0.0,
MetLife,kaggle_arshkon,2024-04,2,3474.0,3474.0,0.0,0.0,0.0,0.0,39597.0
MetLife,scraped,2026-03,3,4973.333333333333,4406.0,0.6666666666666666,0.6666666666666666,0.284050560999858,0.0,
Meta,kaggle_arshkon,2024-04,6,4361.833333333333,4300.0,0.0,0.0,0.0,0.0,116737.0
Meta,scraped,2026-03,4,5488.5,5488.5,0.0,0.0,0.0,0.0,
Microsoft,kaggle_arshkon,2024-04,19,5966.421052631579,5714.0,0.0,0.0,0.0,0.0,227317.0
Microsoft,scraped,2026-03,19,6271.736842105263,6050.0,0.05263157894736842,0.10526315789473684,0.055300140484198894,0.0,
Mindlance,kaggle_arshkon,2024-04,3,2248.6666666666665,1720.0,0.0,0.0,0.0,0.0,2121.0
Mindlance,scraped,2026-03,3,2537.6666666666665,2877.0,0.0,0.3333333333333333,0.20865936358894102,0.0,
"Mission Technologies, a division of HII",kaggle_arshkon,2024-04,4,5584.75,5576.5,0.5,0.0,0.0,0.0,3760.0
"Mission Technologies, a division of HII",scraped,2026-03,3,7393.0,7359.0,0.0,0.0,0.0,0.0,
"Modern Technology Solutions, Inc. (MTSI)",kaggle_arshkon,2024-04,1,3324.0,3324.0,0.0,0.0,0.0,0.0,1760.0
"Modern Technology Solutions, Inc. (MTSI)",scraped,2026-03,2,4273.0,4273.0,0.5,0.0,0.0,0.5,
Mondo,kaggle_arshkon,2024-04,1,2675.0,2675.0,0.0,0.0,0.0,0.0,626.0
Mondo,scraped,2026-03,1,2091.0,2091.0,0.0,0.0,0.0,0.0,
MongoDB,kaggle_arshkon,2024-04,1,5057.0,5057.0,0.0,0.0,0.0,1.0,6646.0
MongoDB,scraped,2026-03,3,5867.0,5867.0,0.0,0.0,0.0,0.0,
Morningstar,kaggle_arshkon,2024-04,1,3877.0,3877.0,0.0,0.0,0.0,0.0,11721.0
Morningstar,scraped,2026-03,3,5154.0,5024.0,0.0,0.0,0.0,0.0,
Motion Recruitment,kaggle_arshkon,2024-04,36,1665.8333333333333,1631.0,0.0,0.0,0.0,0.0,1425.0
Motion Recruitment,scraped,2026-03,13,2214.0,2248.0,0.23076923076923078,0.0,0.0,0.0,
Motorola Solutions,kaggle_arshkon,2024-04,2,5780.0,5780.0,0.5,0.0,0.0,0.0,22939.0
Motorola Solutions,scraped,2026-03,2,6419.5,6419.5,0.5,0.0,0.0,0.0,
Mphasis,kaggle_arshkon,2024-04,3,1134.6666666666667,483.0,0.0,0.0,0.0,0.0,42495.0
Mphasis,scraped,2026-03,1,3743.0,3743.0,0.0,0.0,0.0,0.0,
NAM Info Inc,kaggle_arshkon,2024-04,1,834.0,834.0,0.0,0.0,0.0,0.0,118.0
NAM Info Inc,scraped,2026-03,2,3181.0,3181.0,0.5,0.0,0.0,0.5,
NLB Services,kaggle_arshkon,2024-04,8,1173.875,1436.5,0.0,0.0,0.0,0.0,2054.0
NLB Services,scraped,2026-03,3,1790.6666666666667,1983.0,0.0,0.0,0.0,0.0,
NVIDIA,kaggle_arshkon,2024-04,2,3115.0,3115.0,0.0,0.0,0.0,0.0,29146.0
NVIDIA,scraped,2026-03,15,4060.266666666667,3976.0,0.0,0.0,0.0,0.0,
Nasscomm,kaggle_arshkon,2024-04,1,1276.0,1276.0,0.0,0.0,0.0,0.0,67.0
Nasscomm,scraped,2026-03,1,1561.0,1561.0,0.0,0.0,0.0,0.0,
Nationwide,kaggle_arshkon,2024-04,1,4313.0,4313.0,0.0,0.0,0.0,0.0,30974.0
Nationwide,scraped,2026-03,2,7885.0,7885.0,0.0,0.0,0.0,0.0,
Nava Software Solutions,kaggle_arshkon,2024-04,2,2209.5,2209.5,0.5,0.0,0.0,0.0,400.5
Nava Software Solutions,scraped,2026-03,2,5931.0,5931.0,0.0,0.0,0.0,0.5,
Naztec International Group,kaggle_arshkon,2024-04,1,310.0,310.0,0.0,0.0,0.0,0.0,44.0
Naztec International Group,scraped,2026-03,1,1551.0,1551.0,0.0,0.0,0.0,0.0,
NetJets,kaggle_arshkon,2024-04,2,1826.0,1826.0,0.5,0.0,0.0,0.0,4810.0
NetJets,scraped,2026-03,1,5295.0,5295.0,0.0,0.0,0.0,0.0,
Netflix,kaggle_arshkon,2024-04,3,4214.333333333333,4218.0,0.0,0.3333333333333333,0.5636343140570398,0.0,15631.0
Netflix,scraped,2026-03,3,6146.666666666667,6502.0,0.0,0.0,0.0,0.0,
Netsmart,kaggle_arshkon,2024-04,3,3563.0,3370.0,0.6666666666666666,0.0,0.0,0.0,2229.0
Netsmart,scraped,2026-03,2,6157.5,6157.5,0.0,0.0,0.0,0.5,
New York Technology Partners,kaggle_arshkon,2024-04,1,773.0,773.0,0.0,0.0,0.0,0.0,152.0
New York Technology Partners,scraped,2026-03,2,2163.0,2163.0,0.0,0.0,0.0,0.0,
Noblis,kaggle_arshkon,2024-04,1,10199.0,10199.0,0.0,0.0,0.0,0.0,1332.0
Noblis,scraped,2026-03,1,6558.0,6558.0,0.0,0.0,0.0,0.0,
Northrop Grumman,kaggle_arshkon,2024-04,14,6586.5,6624.0,0.0,0.0,0.0,0.0,87710.0
Northrop Grumman,scraped,2026-03,14,6863.285714285715,6833.5,0.0,0.0,0.0,0.0,
Notable,kaggle_arshkon,2024-04,1,4102.0,4102.0,0.0,0.0,0.0,0.0,263.0
Notable,scraped,2026-03,1,4585.0,4585.0,0.0,0.0,0.0,0.0,
OSI Engineering,kaggle_arshkon,2024-04,6,2563.6666666666665,2578.5,0.0,0.0,0.0,0.0,95.0
OSI Engineering,scraped,2026-03,2,4461.0,4461.0,0.0,0.0,0.0,0.0,
Optomi,kaggle_arshkon,2024-04,6,1825.6666666666667,1992.5,0.0,0.0,0.0,0.0,314.0
Optomi,scraped,2026-03,1,1143.0,1143.0,1.0,0.0,0.0,0.0,
Optum,kaggle_arshkon,2024-04,1,6852.0,6852.0,0.0,0.0,0.0,0.0,81356.0
Optum,scraped,2026-03,3,6954.333333333333,7595.0,0.0,0.6666666666666666,0.20468816928760478,0.0,
Oracle,kaggle_arshkon,2024-04,19,6278.368421052632,6988.0,0.21052631578947367,0.0,0.0,0.0,191374.0
Oracle,scraped,2026-03,16,7678.125,8156.5,0.0,0.0625,0.06169792694965449,0.0,
Palantir Technologies,kaggle_arshkon,2024-04,1,8673.0,8673.0,0.0,0.0,0.0,0.0,4057.0
Palantir Technologies,scraped,2026-03,1,7190.0,7190.0,0.0,0.0,0.0,0.0,
Palo Alto Networks,kaggle_arshkon,2024-04,14,5669.357142857143,5551.0,0.0,0.21428571428571427,0.13001513962248953,0.0,15751.0
Palo Alto Networks,scraped,2026-03,5,6216.0,5909.0,0.0,0.2,0.10172939979654119,0.0,
Paramount,kaggle_arshkon,2024-04,1,5783.0,5783.0,0.0,0.0,0.0,0.0,41038.0
Paramount,scraped,2026-03,2,7118.0,7118.0,0.0,0.0,0.0,0.0,
Peraton,kaggle_arshkon,2024-04,2,3882.0,3882.0,0.5,0.0,0.0,0.0,12477.0
Peraton,scraped,2026-03,6,5793.0,5985.5,0.16666666666666666,0.0,0.0,0.0,
Perr&Knight,kaggle_arshkon,2024-04,1,3918.0,3918.0,0.0,0.0,0.0,0.0,141.0
Perr&Knight,scraped,2026-03,1,4761.0,4761.0,0.0,0.0,0.0,0.0,
Philips,kaggle_arshkon,2024-04,1,4587.0,4587.0,0.0,0.0,0.0,0.0,69239.0
Philips,scraped,2026-03,1,4806.0,4806.0,0.0,0.0,0.0,0.0,
Photon,kaggle_arshkon,2024-04,13,2438.923076923077,2239.0,0.0,0.07692307692307693,0.041535138727363356,0.0,5074.0
Photon,scraped,2026-03,1,2841.0,2841.0,0.0,1.0,1.7301038062283738,0.0,
Pinterest,kaggle_arshkon,2024-04,3,4929.0,4855.0,0.3333333333333333,0.0,0.0,0.0,691.0
Pinterest,scraped,2026-03,2,4805.5,4805.5,0.0,0.5,0.10187449062754686,0.0,
Piper Companies,kaggle_arshkon,2024-04,15,2495.6,2104.0,0.8,0.0,0.0,0.0,186.0
Piper Companies,scraped,2026-03,19,1786.0,1779.0,0.2631578947368421,0.0,0.0,0.0,
Precision Technologies,kaggle_arshkon,2024-04,4,2101.75,2112.0,0.0,0.0,0.0,0.0,304.0
Precision Technologies,scraped,2026-03,1,1983.0,1983.0,0.0,0.0,0.0,0.0,
Primary Services,kaggle_arshkon,2024-04,1,2611.0,2611.0,0.0,0.0,0.0,0.0,837.0
Primary Services,scraped,2026-03,1,3123.0,3123.0,0.0,0.0,0.0,0.0,
Probably Genetic,kaggle_arshkon,2024-04,1,5473.0,5473.0,0.0,0.0,0.0,0.0,21.0
Probably Genetic,scraped,2026-03,1,4977.0,4977.0,0.0,0.0,0.0,0.0,
Programmers.io,kaggle_arshkon,2024-04,1,1068.0,1068.0,0.0,0.0,0.0,0.0,835.0
Programmers.io,scraped,2026-03,2,1609.5,1609.5,0.5,0.5,1.6722408026755853,0.0,
Pronix Inc,kaggle_arshkon,2024-04,3,659.6666666666666,550.0,0.0,0.0,0.0,0.0,130.0
Pronix Inc,scraped,2026-03,1,1717.0,1717.0,0.0,0.0,0.0,0.0,
Prosum,kaggle_arshkon,2024-04,2,1460.5,1460.5,0.0,0.0,0.0,0.0,133.0
Prosum,scraped,2026-03,1,3132.0,3132.0,0.0,0.0,0.0,0.0,
Prudential Financial,kaggle_arshkon,2024-04,1,7839.0,7839.0,0.0,0.0,0.0,0.0,28863.0
Prudential Financial,scraped,2026-03,3,7774.0,7746.0,0.0,0.0,0.0,0.0,
Publicis Sapient,kaggle_arshkon,2024-04,5,4273.6,4590.0,0.0,0.0,0.0,0.0,24663.0
Publicis Sapient,scraped,2026-03,1,4910.0,4910.0,0.0,0.0,0.0,0.0,
QUANTEAM - North America (RAINBOW PARTNERS Group),kaggle_arshkon,2024-04,1,2005.0,2005.0,0.0,0.0,0.0,0.0,42.0
QUANTEAM - North America (RAINBOW PARTNERS Group),scraped,2026-03,1,2693.0,2693.0,0.0,0.0,0.0,0.0,
Qualcomm,kaggle_arshkon,2024-04,5,4816.2,4732.0,0.0,0.2,0.10025062656641603,0.0,42618.0
Qualcomm,scraped,2026-03,12,6622.166666666667,6492.5,0.0,0.0,0.0,0.0,
Quantum World Technologies Inc.,kaggle_arshkon,2024-04,8,1442.5,1274.0,0.0,0.0,0.0,0.125,528.0
Quantum World Technologies Inc.,scraped,2026-03,1,772.0,772.0,0.0,0.0,0.0,0.0,
Qumulo,kaggle_arshkon,2024-04,1,3853.0,3853.0,1.0,0.0,0.0,0.0,516.0
Qumulo,scraped,2026-03,4,4115.25,4079.5,0.75,0.0,0.0,0.0,
Raas Infotek,kaggle_arshkon,2024-04,6,1895.1666666666667,1792.5,0.0,0.0,0.0,0.0,204.0
Raas Infotek,scraped,2026-03,3,1727.0,1424.0,0.0,0.3333333333333333,0.4792715073088905,0.0,
Randstad Digital Americas,kaggle_arshkon,2024-04,6,3356.6666666666665,2597.0,0.0,0.0,0.0,0.0,4121.0
Randstad Digital Americas,scraped,2026-03,9,3372.1111111111113,3033.0,0.2222222222222222,0.0,0.0,0.0,
Randstad USA,kaggle_arshkon,2024-04,1,816.0,816.0,0.0,0.0,0.0,0.0,8993.0
Randstad USA,scraped,2026-03,1,1409.0,1409.0,0.0,0.0,0.0,0.0,
Rang Technologies Inc,kaggle_arshkon,2024-04,3,3540.0,3330.0,0.0,0.0,0.0,0.0,406.0
Rang Technologies Inc,scraped,2026-03,1,4601.0,4601.0,0.0,0.0,0.0,0.0,
Raymond James,kaggle_arshkon,2024-04,2,4953.0,4953.0,0.0,0.0,0.0,0.0,16880.0
Raymond James,scraped,2026-03,2,4029.5,4029.5,0.5,0.0,0.0,0.0,
Raytheon,kaggle_arshkon,2024-04,4,6519.0,6583.0,0.5,0.0,0.0,0.0,44200.0
Raytheon,scraped,2026-03,7,6976.571428571428,7043.0,0.2857142857142857,0.0,0.0,0.0,
"RedRiver Systems, LLC",kaggle_arshkon,2024-04,1,1432.0,1432.0,0.0,0.0,0.0,0.0,33.0
"RedRiver Systems, LLC",scraped,2026-03,4,2894.75,2907.0,0.0,0.0,0.0,0.0,
Redfin,kaggle_arshkon,2024-04,1,6079.0,6079.0,0.0,0.0,0.0,0.0,5338.0
Redfin,scraped,2026-03,1,4358.0,4358.0,0.0,1.0,0.25432349949135297,0.0,
Retool,kaggle_arshkon,2024-04,1,5689.0,5689.0,1.0,1.0,0.7055918151349444,0.0,364.0
Retool,scraped,2026-03,1,6181.0,6181.0,0.0,1.0,0.33112582781456956,0.0,
Ring,kaggle_arshkon,2024-04,1,6636.0,6636.0,0.0,0.0,0.0,0.0,1658.0
Ring,scraped,2026-03,2,6083.0,6083.0,0.0,0.0,0.0,0.0,
Rippling,kaggle_arshkon,2024-04,1,1283.0,1283.0,0.0,0.0,0.0,0.0,3001.0
Rippling,scraped,2026-03,4,5459.5,5507.0,0.0,0.0,0.0,0.0,
Robert Half,kaggle_arshkon,2024-04,18,2717.5555555555557,3093.5,0.3888888888888889,0.0,0.0,0.0,29173.0
Robert Half,scraped,2026-03,2,2613.0,2613.0,0.0,0.0,0.0,0.0,
Roblox,kaggle_arshkon,2024-04,2,5105.5,5105.5,0.0,0.0,0.0,0.0,7456.0
Roblox,scraped,2026-03,6,4585.166666666667,4345.5,0.0,0.0,0.0,0.0,
Roche,kaggle_arshkon,2024-04,1,3640.0,3640.0,0.0,0.0,0.0,0.0,91196.0
Roche,scraped,2026-03,1,8317.0,8317.0,0.0,0.0,0.0,0.0,
Rocket Lab,kaggle_arshkon,2024-04,3,7704.333333333333,7664.0,0.3333333333333333,0.0,0.0,0.0,1240.0
Rocket Lab,scraped,2026-03,3,9314.666666666666,9419.0,0.3333333333333333,0.0,0.0,0.0,
Rose International,kaggle_arshkon,2024-04,8,4383.625,4016.0,0.0,0.0,0.0,0.0,2136.0
Rose International,scraped,2026-03,3,7408.333333333333,7885.0,0.0,0.0,0.0,0.0,
Russell Tobin,kaggle_arshkon,2024-04,5,2111.2,2196.0,0.2,0.0,0.0,0.0,600.0
Russell Tobin,scraped,2026-03,1,4341.0,4341.0,0.0,0.0,0.0,0.0,
S&P Global,kaggle_arshkon,2024-04,2,9122.0,9122.0,0.5,0.0,0.0,0.0,37956.0
S&P Global,scraped,2026-03,1,9899.0,9899.0,0.0,0.0,0.0,0.0,
SAIC,kaggle_arshkon,2024-04,10,3086.6,2511.5,0.6,0.0,0.0,0.0,35929.0
SAIC,scraped,2026-03,1,4903.0,4903.0,0.0,0.0,0.0,0.0,
SAP,kaggle_arshkon,2024-04,1,7989.0,7989.0,1.0,0.0,0.0,0.0,112899.0
SAP,scraped,2026-03,1,8944.0,8944.0,0.0,0.0,0.0,0.0,
SMX,kaggle_arshkon,2024-04,2,3153.0,3153.0,0.5,0.0,0.0,0.0,1648.0
SMX,scraped,2026-03,1,4757.0,4757.0,1.0,0.0,0.0,0.0,
SPAR Information Systems LLC,kaggle_arshkon,2024-04,2,1765.5,1765.5,0.0,0.0,0.0,0.0,118.0
SPAR Information Systems LLC,scraped,2026-03,1,4051.0,4051.0,1.0,1.0,0.2585983966899405,0.0,
SPECTRAFORCE,kaggle_arshkon,2024-04,1,4467.0,4467.0,0.0,0.0,0.0,0.0,1795.0
SPECTRAFORCE,scraped,2026-03,1,5376.0,5376.0,0.0,1.0,0.9523809523809523,0.0,
SS&C Technologies,kaggle_arshkon,2024-04,2,3512.5,3512.5,0.0,0.0,0.0,0.0,21880.0
SS&C Technologies,scraped,2026-03,1,5913.0,5913.0,1.0,0.0,0.0,0.0,
SSi People,kaggle_arshkon,2024-04,3,2237.6666666666665,969.0,0.0,0.0,0.0,0.0,1636.0
SSi People,scraped,2026-03,2,2522.0,2522.0,0.0,0.0,0.0,0.0,
STAFFWORXS,kaggle_arshkon,2024-04,1,1353.0,1353.0,0.0,0.0,0.0,0.0,55.0
STAFFWORXS,scraped,2026-03,1,2329.0,2329.0,0.0,0.0,0.0,0.0,
Salesforce,kaggle_arshkon,2024-04,2,5793.0,5793.0,0.0,0.0,0.0,0.0,75503.0
Salesforce,scraped,2026-03,3,10789.666666666666,11295.0,0.0,1.0,0.4412404602431699,0.0,
Samson Rose,kaggle_arshkon,2024-04,2,2813.0,2813.0,0.0,0.5,0.32690421706440015,0.0,2.0
Samson Rose,scraped,2026-03,1,3432.0,3432.0,0.0,0.0,0.0,0.0,
Saragossa,kaggle_arshkon,2024-04,1,2045.0,2045.0,0.0,0.0,0.0,0.0,96.0
Saragossa,scraped,2026-03,1,1625.0,1625.0,0.0,0.0,0.0,0.0,
Saransh Inc,kaggle_arshkon,2024-04,2,1961.0,1961.0,0.0,0.0,0.0,0.0,67.0
Saransh Inc,scraped,2026-03,1,710.0,710.0,0.0,0.0,0.0,0.0,
Scion Staffing,kaggle_arshkon,2024-04,2,3732.0,3732.0,0.5,0.0,0.0,0.0,51.0
Scion Staffing,scraped,2026-03,4,4561.25,4568.5,0.0,0.25,0.8333333333333334,0.0,
Sibitalent Corp,kaggle_arshkon,2024-04,1,517.0,517.0,0.0,0.0,0.0,0.0,122.0
Sibitalent Corp,scraped,2026-03,1,417.0,417.0,0.0,0.0,0.0,0.0,
Signify Technology,kaggle_arshkon,2024-04,1,1888.0,1888.0,0.0,0.0,0.0,0.0,58.0
Signify Technology,scraped,2026-03,3,3465.3333333333335,2282.0,0.0,0.0,0.0,0.0,
"Sira Consulting, an Inc 5000 company",kaggle_arshkon,2024-04,4,1871.5,2214.5,0.0,0.0,0.0,0.0,359.0
"Sira Consulting, an Inc 5000 company",scraped,2026-03,1,148.0,148.0,1.0,0.0,0.0,0.0,
SiriusXM,kaggle_arshkon,2024-04,1,7920.0,7920.0,1.0,0.0,0.0,0.0,6439.0
SiriusXM,scraped,2026-03,2,8790.0,8790.0,0.0,0.0,0.0,0.0,
Smart IT Frame LLC,kaggle_arshkon,2024-04,5,1117.0,976.0,0.0,0.2,0.5636978579481398,0.2,199.0
Smart IT Frame LLC,scraped,2026-03,2,1526.0,1526.0,0.0,0.0,0.0,0.0,
Snap Inc.,kaggle_arshkon,2024-04,3,4673.0,4566.0,0.3333333333333333,0.0,0.0,0.0,7348.0
Snap Inc.,scraped,2026-03,1,10414.0,10414.0,0.0,0.0,0.0,0.0,
SoFi,kaggle_arshkon,2024-04,1,6098.0,6098.0,0.0,0.0,0.0,0.0,5147.0
SoFi,scraped,2026-03,9,6304.888888888889,6213.0,0.0,0.2222222222222222,0.12471682299795453,0.0,
Solomon Page,kaggle_arshkon,2024-04,3,2537.3333333333335,2708.0,0.0,0.0,0.0,0.0,749.0
Solomon Page,scraped,2026-03,3,3284.0,3038.0,0.0,0.0,0.0,0.0,
Sony Interactive Entertainment,kaggle_arshkon,2024-04,1,4813.0,4813.0,0.0,0.0,0.0,0.0,9305.0
Sony Interactive Entertainment,scraped,2026-03,1,6429.0,6429.0,0.0,0.0,0.0,0.0,
Spectrum,kaggle_arshkon,2024-04,2,4093.5,4093.5,0.5,0.0,0.0,0.0,88208.0
Spectrum,scraped,2026-03,1,7120.0,7120.0,0.0,0.0,0.0,0.0,
Srinav Inc,kaggle_arshkon,2024-04,1,1326.0,1326.0,0.0,0.0,0.0,0.0,691.0
Srinav Inc,scraped,2026-03,1,902.0,902.0,0.0,0.0,0.0,0.0,
"Stanley Black & Decker, Inc.",kaggle_arshkon,2024-04,1,6979.0,6979.0,0.0,0.0,0.0,0.0,25016.0
"Stanley Black & Decker, Inc.",scraped,2026-03,1,9135.0,9135.0,0.0,0.0,0.0,0.0,
State Farm,kaggle_arshkon,2024-04,3,5225.666666666667,5274.0,0.3333333333333333,0.0,0.0,0.0,102647.0
State Farm,scraped,2026-03,4,6744.5,6623.0,1.0,0.0,0.0,0.0,
State Street,kaggle_arshkon,2024-04,5,4497.0,5143.0,0.0,0.0,0.0,0.0,36866.0
State Street,scraped,2026-03,1,5264.0,5264.0,0.0,0.0,0.0,0.0,
Stealth Startup,kaggle_arshkon,2024-04,3,1863.3333333333333,1718.0,0.0,0.0,0.0,0.0,19543.0
Stealth Startup,scraped,2026-03,1,3040.0,3040.0,0.0,0.0,0.0,0.0,
Stefanini North America and APAC,kaggle_arshkon,2024-04,1,3113.0,3113.0,0.0,0.0,0.0,0.0,1596.0
Stefanini North America and APAC,scraped,2026-03,2,3004.0,3004.0,0.5,0.0,0.0,0.0,
"Strategic Education, Inc",kaggle_arshkon,2024-04,1,2775.0,2775.0,1.0,0.0,0.0,0.0,5783.0
"Strategic Education, Inc",scraped,2026-03,1,5175.0,5175.0,0.0,0.0,0.0,0.0,
Strategic Staffing Solutions,kaggle_arshkon,2024-04,1,752.0,752.0,0.0,0.0,0.0,0.0,1032.0
Strategic Staffing Solutions,scraped,2026-03,3,3311.3333333333335,3116.0,0.0,0.0,0.0,0.0,
StubHub,kaggle_arshkon,2024-04,1,6215.0,6215.0,1.0,0.0,0.0,0.0,1338.0
StubHub,scraped,2026-03,11,5782.272727272727,5571.0,0.09090909090909091,0.18181818181818182,0.11898224670000718,0.2727272727272727,
Sumeru Inc,kaggle_arshkon,2024-04,3,2327.0,2020.0,0.0,0.0,0.0,0.0,307.0
Sumeru Inc,scraped,2026-03,1,2583.0,2583.0,1.0,1.0,0.38925652004671074,0.0,
Swisslog,kaggle_arshkon,2024-04,1,2440.0,2440.0,1.0,0.0,0.0,0.0,3213.0
Swisslog,scraped,2026-03,1,4687.0,4687.0,0.0,0.0,0.0,0.0,
Synechron,kaggle_arshkon,2024-04,15,4114.066666666667,3898.0,0.06666666666666667,0.0,0.0,0.0,12818.0
Synechron,scraped,2026-03,7,5456.285714285715,5390.0,0.0,0.0,0.0,0.2857142857142857,
Synergis,kaggle_arshkon,2024-04,1,3466.0,3466.0,0.0,0.0,0.0,0.0,262.0
Synergis,scraped,2026-03,1,3893.0,3893.0,0.0,1.0,1.8789928598271326,0.0,
SynergisticIT,kaggle_arshkon,2024-04,2,3644.0,3644.0,1.0,0.0,0.0,0.0,105.0
SynergisticIT,scraped,2026-03,4,4008.25,4116.5,1.0,0.0,0.0,0.0,
System One,kaggle_arshkon,2024-04,8,2001.625,2146.0,0.125,0.0,0.0,0.0,946.0
System One,scraped,2026-03,2,3159.5,3159.5,0.0,0.0,0.0,0.0,
Systems Integration Solutions,kaggle_arshkon,2024-04,1,802.0,802.0,0.0,0.0,0.0,0.0,66.0
Systems Integration Solutions,scraped,2026-03,1,2179.0,2179.0,0.0,1.0,5.643340857787811,0.0,
T. Rowe Price,kaggle_arshkon,2024-04,1,4848.0,4848.0,0.0,0.0,0.0,0.0,8729.0
T. Rowe Price,scraped,2026-03,1,8302.0,8302.0,0.0,1.0,0.3924646781789639,0.0,
TALENT Software Services,kaggle_arshkon,2024-04,2,872.0,872.0,0.0,0.0,0.0,0.0,224.0
TALENT Software Services,scraped,2026-03,2,2959.5,2959.5,0.0,0.0,0.0,0.0,
TEKsystems,kaggle_arshkon,2024-04,21,2258.2380952380954,2241.0,0.9047619047619048,0.0,0.0,0.0,26749.0
TEKsystems,scraped,2026-03,27,4871.7037037037035,4490.0,0.18518518518518517,0.25925925925925924,0.37771428806555746,0.0,
Talent Groups,kaggle_arshkon,2024-04,13,686.7692307692307,600.0,0.07692307692307693,0.0,0.0,0.0,504.0
Talent Groups,scraped,2026-03,6,2174.0,2500.0,0.16666666666666666,0.0,0.0,0.3333333333333333,
"TalentBurst, an Inc 5000 company",kaggle_arshkon,2024-04,1,2191.0,2191.0,1.0,0.0,0.0,0.0,680.0
"TalentBurst, an Inc 5000 company",scraped,2026-03,1,3790.0,3790.0,1.0,0.0,0.0,0.0,
Tata Consultancy Services,kaggle_arshkon,2024-04,31,1083.1935483870968,1029.0,0.8064516129032258,0.0,0.0,0.0967741935483871,596046.0
Tata Consultancy Services,scraped,2026-03,10,2313.2,2268.0,0.2,0.2,0.516467565696291,0.0,
Tech Consulting,kaggle_arshkon,2024-04,6,3753.0,4009.5,0.5,0.0,0.0,0.0,40.0
Tech Consulting,scraped,2026-03,1,1095.0,1095.0,1.0,0.0,0.0,0.0,
TechDoQuest,kaggle_arshkon,2024-04,4,1181.0,682.5,0.0,0.0,0.0,0.25,93.0
TechDoQuest,scraped,2026-03,2,1656.0,1656.0,0.0,0.0,0.0,0.0,
Tek Inspirations LLC,kaggle_arshkon,2024-04,1,3707.0,3707.0,0.0,0.0,0.0,0.0,358.0
Tek Inspirations LLC,scraped,2026-03,1,2708.0,2708.0,0.0,0.0,0.0,0.0,
Tekskills Inc.,kaggle_arshkon,2024-04,3,1015.0,753.0,0.0,0.0,0.0,0.0,564.0
Tekskills Inc.,scraped,2026-03,1,731.0,731.0,1.0,0.0,0.0,0.0,
Teradyne,kaggle_arshkon,2024-04,1,3716.0,3716.0,0.0,0.0,0.0,0.0,5074.0
Teradyne,scraped,2026-03,2,3863.0,3863.0,0.0,0.0,0.0,0.0,
Tesla,kaggle_arshkon,2024-04,4,3751.5,3602.5,1.0,0.0,0.0,0.0,68352.0
Tesla,scraped,2026-03,2,4243.0,4243.0,0.0,0.0,0.0,0.5,
Teza Technologies,kaggle_arshkon,2024-04,1,3382.0,3382.0,0.0,0.0,0.0,0.0,90.0
Teza Technologies,scraped,2026-03,1,4137.0,4137.0,0.0,0.0,0.0,0.0,
The Aerospace Corporation,kaggle_arshkon,2024-04,1,7367.0,7367.0,0.0,0.0,0.0,0.0,4719.0
The Aerospace Corporation,scraped,2026-03,1,7866.0,7866.0,0.0,0.0,0.0,0.0,
"The Brixton Group, Inc.",kaggle_arshkon,2024-04,1,864.0,864.0,0.0,0.0,0.0,0.0,56.0
"The Brixton Group, Inc.",scraped,2026-03,1,2063.0,2063.0,0.0,0.0,0.0,0.0,
The Depository Trust & Clearing Corporation (DTCC),kaggle_arshkon,2024-04,1,3937.0,3937.0,0.0,0.0,0.0,0.0,6106.0
The Depository Trust & Clearing Corporation (DTCC),scraped,2026-03,4,4960.5,4816.0,0.0,0.0,0.0,0.0,
The Hartford,kaggle_arshkon,2024-04,1,4180.0,4180.0,0.0,0.0,0.0,0.0,19910.0
The Hartford,scraped,2026-03,7,6049.857142857143,6631.0,0.0,0.8571428571428571,2.338733364598665,0.0,
The Mom Project,kaggle_arshkon,2024-04,1,3256.0,3256.0,1.0,0.0,0.0,0.0,926.0
The Mom Project,scraped,2026-03,1,7401.0,7401.0,0.0,0.0,0.0,0.0,
The Trade Desk,kaggle_arshkon,2024-04,2,8416.5,8416.5,0.0,0.0,0.0,0.0,3600.0
The Trade Desk,scraped,2026-03,2,8485.0,8485.0,0.0,0.0,0.0,0.0,
The Walt Disney Company,kaggle_arshkon,2024-04,5,5131.2,4759.0,0.0,0.0,0.0,0.0,169083.0
The Walt Disney Company,scraped,2026-03,10,5500.3,5424.5,0.0,0.2,0.07090874153222423,0.0,
Thomson Reuters,kaggle_arshkon,2024-04,2,6102.0,6102.0,1.0,0.5,0.35081564637782847,0.0,33094.0
Thomson Reuters,scraped,2026-03,3,10751.333333333334,10079.0,0.0,0.6666666666666666,0.327653997378768,0.0,
Tier4 Group,kaggle_arshkon,2024-04,2,1851.0,1851.0,0.0,0.0,0.0,0.0,53.0
Tier4 Group,scraped,2026-03,1,5446.0,5446.0,0.0,0.0,0.0,0.0,
TikTok,kaggle_arshkon,2024-04,14,6238.142857142857,6317.0,0.07142857142857142,0.0,0.0,0.0,64587.0
TikTok,scraped,2026-03,9,6843.444444444444,6899.0,0.7777777777777778,0.2222222222222222,0.15360274675481123,0.0,
Toyota North America,kaggle_arshkon,2024-04,2,5018.0,5018.0,0.0,0.0,0.0,0.0,18247.0
Toyota North America,scraped,2026-03,3,7280.666666666667,6980.0,0.0,0.3333333333333333,0.037069988137603795,0.3333333333333333,
Trane Technologies,kaggle_arshkon,2024-04,1,5035.0,5035.0,1.0,0.0,0.0,0.0,11024.0
Trane Technologies,scraped,2026-03,1,6011.0,6011.0,0.0,0.0,0.0,0.0,
Travelers,kaggle_arshkon,2024-04,1,6189.0,6189.0,0.0,0.0,0.0,0.0,41564.0
Travelers,scraped,2026-03,1,10301.0,10301.0,0.0,1.0,0.5352363960749331,0.0,
Trimble Inc.,kaggle_arshkon,2024-04,1,5175.0,5175.0,0.0,0.0,0.0,0.0,9359.0
Trimble Inc.,scraped,2026-03,6,7459.0,7413.0,0.0,0.0,0.0,0.0,
Trinity Technology Solutions LLC,kaggle_arshkon,2024-04,1,1166.0,1166.0,0.0,0.0,0.0,0.0,28.0
Trinity Technology Solutions LLC,scraped,2026-03,2,1805.0,1805.0,0.0,0.0,0.0,0.0,
Tyler Technologies,kaggle_arshkon,2024-04,2,3225.5,3225.5,0.5,0.0,0.0,0.0,6735.0
Tyler Technologies,scraped,2026-03,1,4202.0,4202.0,0.0,0.0,0.0,0.0,
U.S. Bank,kaggle_arshkon,2024-04,4,6183.25,6462.0,0.0,0.0,0.0,0.0,77486.0
U.S. Bank,scraped,2026-03,5,7972.4,6808.0,0.0,0.2,0.1122334455667789,0.0,
UPS,kaggle_arshkon,2024-04,1,5406.0,5406.0,0.0,0.0,0.0,0.0,148730.0
UPS,scraped,2026-03,1,7212.0,7212.0,0.0,0.0,0.0,0.0,
Uber,kaggle_arshkon,2024-04,8,2672.5,2300.5,0.0,0.0,0.0,0.0,95108.0
Uber,scraped,2026-03,16,2670.0,1980.0,0.25,0.0,0.0,0.0,
Unisys,kaggle_arshkon,2024-04,3,2396.0,2549.0,0.0,0.0,0.0,0.3333333333333333,24394.0
Unisys,scraped,2026-03,2,1960.5,1960.5,0.0,1.0,0.8374183006535947,0.0,
VDart,kaggle_arshkon,2024-04,6,1768.5,1641.5,0.0,0.0,0.0,0.0,1945.0
VDart,scraped,2026-03,4,2023.25,1614.0,0.5,0.0,0.0,0.25,
VIVA USA Inc.,kaggle_arshkon,2024-04,1,3739.0,3739.0,0.0,0.0,0.0,0.0,355.0
VIVA USA Inc.,scraped,2026-03,2,4683.0,4683.0,0.0,0.0,0.0,0.0,
VKore Solutions LLC,kaggle_arshkon,2024-04,1,442.0,442.0,0.0,0.0,0.0,0.0,22.0
VKore Solutions LLC,scraped,2026-03,1,562.0,562.0,1.0,0.0,0.0,0.0,
"VMC Soft Technologies, Inc",kaggle_arshkon,2024-04,6,1759.0,759.5,0.0,0.0,0.0,0.0,32.0
"VMC Soft Technologies, Inc",scraped,2026-03,1,6215.0,6215.0,0.0,0.0,0.0,1.0,
VT Group (VTG),kaggle_arshkon,2024-04,3,1714.3333333333333,1643.0,1.0,0.0,0.0,0.3333333333333333,1006.0
VT Group (VTG),scraped,2026-03,1,5524.0,5524.0,1.0,0.0,0.0,0.0,
Veeva Systems,kaggle_arshkon,2024-04,1,3947.0,3947.0,0.0,0.0,0.0,0.0,8355.0
Veeva Systems,scraped,2026-03,10,4520.4,4354.0,0.2,0.0,0.0,0.0,
Veho,kaggle_arshkon,2024-04,1,4229.0,4229.0,0.0,0.0,0.0,0.0,677.0
Veho,scraped,2026-03,1,2821.0,2821.0,0.0,0.0,0.0,0.0,
Venmo,kaggle_arshkon,2024-04,3,6908.0,6382.0,0.0,0.0,0.0,0.0,615.0
Venmo,scraped,2026-03,10,9551.4,9563.0,0.0,0.0,0.0,0.0,
Veritas Search Group,kaggle_arshkon,2024-04,1,2750.0,2750.0,0.0,0.0,0.0,0.0,2.0
Veritas Search Group,scraped,2026-03,1,3590.0,3590.0,0.0,0.0,0.0,1.0,
Verizon,kaggle_arshkon,2024-04,3,5080.0,5001.0,0.3333333333333333,0.0,0.0,0.0,92499.0
Verizon,scraped,2026-03,7,6022.571428571428,5969.0,0.0,1.0,0.1699136755643413,0.0,
Viasat,kaggle_arshkon,2024-04,5,4162.0,4246.0,0.4,0.0,0.0,0.0,6340.0
Viasat,scraped,2026-03,8,4437.75,4627.0,0.0,0.0,0.0,0.0,
VideoAmp,kaggle_arshkon,2024-04,1,3708.0,3708.0,0.0,0.0,0.0,0.0,517.0
VideoAmp,scraped,2026-03,1,5050.0,5050.0,0.0,0.0,0.0,0.0,
Visa,kaggle_arshkon,2024-04,5,6559.4,5932.0,0.0,0.0,0.0,0.0,25502.0
Visa,scraped,2026-03,4,7074.0,6807.0,0.0,0.0,0.0,0.0,
Visionary Innovative Technology Solutions LLC,kaggle_arshkon,2024-04,1,1091.0,1091.0,0.0,0.0,0.0,0.0,68.0
Visionary Innovative Technology Solutions LLC,scraped,2026-03,3,1227.3333333333333,1516.0,0.3333333333333333,0.0,0.0,0.0,
Vistra Corp.,kaggle_arshkon,2024-04,1,5139.0,5139.0,1.0,0.0,0.0,0.0,1909.0
Vistra Corp.,scraped,2026-03,1,5747.0,5747.0,0.0,0.0,0.0,0.0,
WEX,kaggle_arshkon,2024-04,6,3592.8333333333335,3464.5,0.3333333333333333,0.3333333333333333,0.11652974777756321,0.0,4825.0
WEX,scraped,2026-03,2,3330.5,3330.5,0.5,0.0,0.0,0.0,
WHOOP,kaggle_arshkon,2024-04,3,3320.3333333333335,3112.0,0.0,0.0,0.0,0.0,819.0
WHOOP,scraped,2026-03,2,4422.5,4422.5,0.0,0.0,0.0,0.0,
Walgreens,kaggle_arshkon,2024-04,1,5197.0,5197.0,0.0,0.0,0.0,0.0,84406.0
Walgreens,scraped,2026-03,1,5619.0,5619.0,0.0,0.0,0.0,0.0,
Walmart,kaggle_arshkon,2024-04,2,8015.5,8015.5,0.0,0.0,0.0,0.0,427883.0
Walmart,scraped,2026-03,13,8927.461538461539,7723.0,0.0,0.0,0.0,0.0,
Wells Fargo,kaggle_arshkon,2024-04,16,5427.0625,5260.0,0.0,0.0,0.0,0.0,194312.0
Wells Fargo,scraped,2026-03,8,3893.5,3759.5,0.0,0.625,0.3936198834228657,0.0,
Western Union,kaggle_arshkon,2024-04,3,6100.666666666667,7210.0,0.0,0.0,0.0,0.0,13689.0
Western Union,scraped,2026-03,1,6057.0,6057.0,0.0,0.0,0.0,0.0,
Westinghouse Electric Company,kaggle_arshkon,2024-04,3,4474.666666666667,5133.0,0.3333333333333333,0.0,0.0,0.0,9763.0
Westinghouse Electric Company,scraped,2026-03,3,3991.0,3911.0,1.0,0.0,0.0,0.0,
Wolters Kluwer,kaggle_arshkon,2024-04,1,3763.0,3763.0,0.0,0.0,0.0,0.0,22383.0
Wolters Kluwer,scraped,2026-03,3,6663.666666666667,6918.0,0.0,0.6666666666666666,0.23335951824565893,0.0,
Workday,kaggle_arshkon,2024-04,3,5379.666666666667,5358.0,0.0,0.0,0.0,0.0,20781.0
Workday,scraped,2026-03,5,7538.6,7787.0,0.0,0.2,0.06718172657037286,0.0,
Xylem,kaggle_arshkon,2024-04,1,5738.0,5738.0,0.0,0.0,0.0,0.0,14637.0
Xylem,scraped,2026-03,2,5416.5,5416.5,0.0,0.0,0.0,0.0,
"Yoh, A Day & Zimmermann Company",kaggle_arshkon,2024-04,2,2629.0,2629.0,0.0,0.0,0.0,0.0,1833.0
"Yoh, A Day & Zimmermann Company",scraped,2026-03,6,5479.0,5448.0,0.0,0.16666666666666666,0.10475591870940709,0.0,
"Zillion Technologies, Inc.",kaggle_arshkon,2024-04,5,2539.0,2524.0,0.0,0.0,0.0,0.0,332.0
"Zillion Technologies, Inc.",scraped,2026-03,1,5526.0,5526.0,0.0,0.0,0.0,0.0,
"Zodiac Solutions, Inc",kaggle_arshkon,2024-04,6,1089.8333333333333,1057.5,0.0,0.0,0.0,0.0,235.0
"Zodiac Solutions, Inc",scraped,2026-03,1,640.0,640.0,0.0,0.0,0.0,0.0,
ZoomInfo,kaggle_arshkon,2024-04,1,4237.0,4237.0,0.0,0.0,0.0,0.0,4144.0
ZoomInfo,scraped,2026-03,1,5440.0,5440.0,0.0,0.0,0.0,0.0,
Zoox,kaggle_arshkon,2024-04,2,2786.5,2786.5,0.0,0.0,0.0,0.0,3168.0
Zoox,scraped,2026-03,1,5321.0,5321.0,0.0,0.0,0.0,0.0,
ektello,kaggle_arshkon,2024-04,1,2395.0,2395.0,0.0,0.0,0.0,0.0,89.0
ektello,scraped,2026-03,1,2195.0,2195.0,0.0,0.0,0.0,0.0,
hackajob,kaggle_arshkon,2024-04,10,2521.6,1949.5,0.0,0.0,0.0,0.0,158.0
hackajob,scraped,2026-03,24,6009.541666666667,5903.0,0.041666666666666664,0.16666666666666666,0.2850403608870989,0.0,
myGwork - LGBTQ+ Business Community,kaggle_arshkon,2024-04,22,5216.045454545455,6756.0,0.2727272727272727,0.0,0.0,0.0,133.0
myGwork - LGBTQ+ Business Community,scraped,2026-03,10,7131.6,6761.0,0.0,0.3,0.2433691390518221,0.0,
